Daniel Cowgill <daniel.cowgill@files.com>
Dustin Zeisler <dustin.zeisler@files.com>
Jesse Harris <jesse.harris@files.com>
Kevin Bombino <kevin.bombino@files.com>
Kevin Killingsworth <kevin.killingsworth@files.com>
Martyn Garcia <martyn.garcia@files.com>
Rommel Santor <rommel.santor@files.com>
